{"NK cells_CD56hi": {"pma_mean": 1.1085, "ttest_pval": 0.42776215324931544, "pma_std": 0.20591928030177264, "plasma_mean": 1.0850000000000002, "plasma_std": 0.21017849556983706, "ttest_t": -0.79466175493956492}, "CD4 Tcells": {"pma_mean": 23.683499999999999, "ttest_pval": 0.69621882858611794, "pma_std": 0.92352734123035018, "plasma_mean": 23.630500000000001, "plasma_std": 0.98290119035435042, "ttest_t": -0.39100059277883159}, "Undefined": {"pma_mean": 3.8774999999999995, "ttest_pval": 0.52896434767774692, "pma_std": 0.3715087482146282, "plasma_mean": 3.9119999999999999, "plasma_std": 0.39775117850233954, "ttest_t": 0.63070463348698713}, "B cells": {"pma_mean": 6.2149999999999999, "ttest_pval": 0.9946429944637516, "pma_std": 0.47299577165129081, "plasma_mean": 6.2155000000000005, "plasma_std": 0.5691087330203255, "ttest_t": 0.0067228282389649565}, "CD8 Tcells": {"pma_mean": 14.015499999999999, "ttest_pval": 0.27142992534307875, "pma_std": 0.93551309451017284, "plasma_mean": 13.881499999999996, "plasma_std": 0.76552775913091453, "ttest_t": -1.1029732080166701}, "CD4 Tcells_CD127hi": {"pma_mean": 4.3474999999999993, "ttest_pval": 0.77918187419417717, "pma_std": 0.4832377779106265, "plasma_mean": 4.3274999999999997, "plasma_std": 0.51847733798113105, "ttest_t": -0.28076941234915209}, "NK cells_CD16hi_CD57hi": {"pma_mean": 5.8535000000000004, "ttest_pval": 0.10879668743385608, "pma_std": 0.46396416887514058, "plasma_mean": 5.9634999999999989, "plasma_std": 0.4963292757837281, "ttest_t": 1.6109230477080985}, "NK cells_CD16hi": {"pma_mean": 7.857000000000002, "ttest_pval": 0.72830415069360499, "pma_std": 0.6678704964287614, "plasma_mean": 7.8260000000000005, "plasma_std": 0.58315864050873845, "ttest_t": -0.34788322482433537}, "CD4 Tcells_Tregs": {"pma_mean": 5.8920000000000003, "ttest_pval": 0.9094172272929586, "pma_std": 0.51960177058974699, "plasma_mean": 5.900500000000001, "plasma_std": 0.53025913476337216, "ttest_t": 0.11391931943773979}, "CD14hi monocytes": {"pma_mean": 8.4490000000000016, "ttest_pval": 0.33392075076704331, "pma_std": 0.65905159130374613, "plasma_mean": 8.5359999999999996, "plasma_std": 0.60357601012631368, "ttest_t": 0.96862971125326569}, "CD4 Tcells+CD27hi": {"pma_mean": 10.909500000000001, "ttest_pval": 0.99128026388562707, "pma_std": 0.63532255587221198, "plasma_mean": 10.908500000000002, "plasma_std": 0.6505019215959319, "ttest_t": -0.010942603077663189}, "CD14low monocytes": {"pma_mean": 0.56400000000000017, "ttest_pval": 0.47533897334374109, "pma_std": 0.19378854455307723, "plasma_mean": 0.54449999999999998, "plasma_std": 0.18985454958994266, "ttest_t": -0.71518268187146583}, "CD1c DCs": {"pma_mean": 2.3530000000000002, "ttest_pval": 0.46832729880794355, "pma_std": 0.3327777035800325, "plasma_mean": 2.3209999999999997, "plasma_std": 0.28505964288197655, "ttest_t": -0.72663608498340881}, "Basophils": {"pma_mean": 1.153, "ttest_pval": 0.12436020314846763, "pma_std": 0.24767115294276806, "plasma_mean": 1.2064999999999999, "plasma_std": 0.24006821947104956, "ttest_t": 1.5432838236493891}, "Neutrophils": {"pma_mean": 0.1347058823529412, "ttest_pval": 0.39232866287035206, "pma_std": 0.06643153459711236, "plasma_mean": 0.14408602150537633, "plasma_std": 0.078579273843170414, "ttest_t": 0.85752345287108167}, "CD4 Tcells_CD161hi": {"pma_mean": 3.6070000000000007, "ttest_pval": 0.993150834628171, "pma_std": 0.41827144296497215, "plasma_mean": 3.6074999999999999, "plasma_std": 0.40008592827041534, "ttest_t": 0.0085951289475113667}}