{
  "NK cells_CD56hi": {
    "pma_mean": 22.170000000000002,
    "ttest_pval": -0.79466175493957414,
    "pma_std": 4.118385606035452,
    "plasma_mean": 21.699999999999999,
    "plasma_std": 4.2035699113967402,
    "ttest_t": -0.79466175493957414
  },
  "CD4 Tcells": {
    "pma_mean": 473.67000000000002,
    "ttest_pval": -0.39100059277885246,
    "pma_std": 18.470546824607009,
    "plasma_mean": 472.61000000000001,
    "plasma_std": 19.658023807087016,
    "ttest_t": -0.39100059277885246
  },
  "Undefined": {
    "pma_mean": 77.549999999999997,
    "ttest_pval": 0.63070463348697736,
    "pma_std": 7.4301749642925641,
    "plasma_mean": 78.239999999999995,
    "plasma_std": 7.9550235700467908,
    "ttest_t": 0.63070463348697736
  },
  "B cells": {
    "pma_mean": 124.3,
    "ttest_pval": 0.0067228282389601808,
    "pma_std": 9.4599154330258166,
    "plasma_mean": 124.31,
    "plasma_std": 11.382174660406507,
    "ttest_t": 0.0067228282389601808
  },
  "CD8 Tcells": {
    "pma_mean": 280.31,
    "ttest_pval": -1.1029732080166403,
    "pma_std": 18.710261890203462,
    "plasma_mean": 277.63,
    "plasma_std": 15.310555182618298,
    "ttest_t": -1.1029732080166403
  },
  "CD4 Tcells_CD127hi": {
    "pma_mean": 86.950000000000003,
    "ttest_pval": -0.28076941234916208,
    "pma_std": 9.66475555821253,
    "plasma_mean": 86.549999999999997,
    "plasma_std": 10.369546759622621,
    "ttest_t": -0.28076941234916208
  },
  "NK cells_CD16hi_CD57hi": {
    "pma_mean": 117.06999999999999,
    "ttest_pval": 1.6109230477081213,
    "pma_std": 9.2792833775028143,
    "plasma_mean": 119.27,
    "plasma_std": 9.9265855156745619,
    "ttest_t": 1.6109230477081213
  },
  "NK cells_CD16hi": {
    "pma_mean": 157.13999999999999,
    "ttest_pval": -0.34788322482430545,
    "pma_std": 13.357409928575224,
    "plasma_mean": 156.52000000000001,
    "plasma_std": 11.663172810174768,
    "ttest_t": -0.34788322482430545
  },
  "CD4 Tcells_Tregs": {
    "pma_mean": 117.84,
    "ttest_pval": 0.11391931943773267,
    "pma_std": 10.392035411794939,
    "plasma_mean": 118.01000000000001,
    "plasma_std": 10.605182695267441,
    "ttest_t": 0.11391931943773267
  },
  "CD14hi monocytes": {
    "pma_mean": 168.97999999999999,
    "ttest_pval": 0.96862971125329356,
    "pma_std": 13.181031826074921,
    "plasma_mean": 170.72,
    "plasma_std": 12.071520202526274,
    "ttest_t": 0.96862971125329356
  },
  "CD4 Tcells+CD27hi": {
    "pma_mean": 218.19,
    "ttest_pval": -0.010942603077674851,
    "pma_std": 12.70645111744424,
    "plasma_mean": 218.16999999999999,
    "plasma_std": 13.010038431918638,
    "ttest_t": -0.010942603077674851
  },
  "CD14low monocytes": {
    "pma_mean": 11.279999999999999,
    "ttest_pval": -0.71518268187145695,
    "pma_std": 3.8757708910615447,
    "plasma_mean": 10.890000000000001,
    "plasma_std": 3.7970909917988536,
    "ttest_t": -0.71518268187145695
  },
  "CD1c DCs": {
    "pma_mean": 47.060000000000002,
    "ttest_pval": -0.7266360849833986,
    "pma_std": 6.655554071600652,
    "plasma_mean": 46.420000000000002,
    "plasma_std": 5.7011928576395308,
    "ttest_t": -0.7266360849833986
  },
  "Basophils": {
    "pma_mean": 23.059999999999999,
    "ttest_pval": 1.5432838236493933,
    "pma_std": 4.9534230588553605,
    "plasma_mean": 24.129999999999999,
    "plasma_std": 4.8013643894209901,
    "ttest_t": 1.5432838236493933
  },
  "Neutrophils": {
    "pma_mean": 2.6941176470588237,
    "ttest_pval": 0.85752345287108478,
    "pma_std": 1.328630691942247,
    "plasma_mean": 2.881720430107527,
    "plasma_std": 1.5715854768634085,
    "ttest_t": 0.85752345287108478
  },
  "CD4 Tcells_CD161hi": {
    "pma_mean": 72.140000000000001,
    "ttest_pval": 0.0085951289475281589,
    "pma_std": 8.3654288592994437,
    "plasma_mean": 72.150000000000006,
    "plasma_std": 8.0017185654083089,
    "ttest_t": 0.0085951289475281589
  }
}